,,,,,,,,,,,,,,,,,
Limba,ID tur,Nume tur,Categorie,Loca»õie,Date,DuratƒÉ,Nivel dificultate,Pre»õ (EUR),Locuri disponibile,Link pe FB,Descriere scurtƒÉ,Inclus √Æn pre»õ,"CE SƒÇ AI CU TINE:
",Condi»õii speciale,Potrivit pentru,Nr de contact,Poza copertƒÉ
ro,701,TurƒÉ: Jepii Mici ‚Äì Bucegi ‚Äì Poteca regalƒÉ,Trekking,"Rom√¢nia, Bucegi",04 -06 iulie 2025,2 zile,Mediu spre dificil,145,14,https://www.facebook.com/events/4036570309914864,"JEPII MICI & PLATOUL BUCEGI, CRUCEA CARAIMAN, SFINXUL, BUSTENI, POTECA REGALƒÇ, CASTELUL PELE»ò 

üìå Detalii eveniment:
https://www.facebook.com/events/4054075584863980

>>>>>>>>>>>>>>>>>>>>>>>>>>>>>>>>>
‚õ∞ DacƒÉ de mult te g√¢ndeai la o turƒÉ cu cortul √Æn mun»õi, dar nu voiai sƒÉ cari tot echipamentul ‚Äî avem o veste bunƒÉ: √Æn aceastƒÉ turƒÉ, te a»ôteaptƒÉ cortul »ôi bucƒÉtƒÉria deja pregƒÉtite la cabanƒÉ üòâ
Traseul? Este favoritul ghizilor.
Pornim cu o urcare spectaculoasƒÉ pe Jepii Mici, un pic de adrenalinƒÉ, cascade »ôi pƒÉduri, apoi ajungem la Crucea Eroilor »ôi Sfinxul ‚Äì √Æn inima Bucegilor.
A doua zi cobor√¢m pe Poteca RegalƒÉ ‚Äì un traseu iconic, cu panorame spre Castelul Pele»ô »ôi atmosfera boemƒÉ din Sinaia.
O experien»õƒÉ completƒÉ, care √Æncepe ca un serial »ôi nu vrei sƒÉ se mai termine 
Cazare: camping la Cabana Dichiu, cu foi»ôor, grup sanitar »ôi acces la frigider
BucƒÉtƒÉrie de camping inclusƒÉ
CinƒÉ de √Æncheiere op»õionalƒÉ la Sinaia + vizitƒÉ la Castelul Pele»ô
<<<<<<<<<<<<<<<<<<<<<<<<<<<<<<<<<
üìÖ Datele: 05-06 iulie 2025
üí≤ Pre»õ: 145 euro/persoanƒÉ

Plecare: 04 iulie, ora 20:00 din Chi»ôinƒÉu
üß≠ Dificultatea: mediu (potrivit »ôi pentru √ÆncepƒÉtori activi)
Distan»õƒÉ: ~18 km, diferen»õƒÉ de nivel ~1200 m

‚ÄºÔ∏èMAXIM 14 LOCURI‚ÄºÔ∏è
Spune da celui mai frumos traseu al verii ‚Äî »ôi ne vedem pe v√¢rf!
","
‚úîÔ∏é Transport Chi»ôinƒÉu ‚Äì Bu»ôteni / Sinaia ‚Äì Chi»ôinƒÉu
‚úîÔ∏é Cazare √Æn camping l√¢ngƒÉ Cabana Dichiu
‚úîÔ∏é TaxƒÉ de acces √Æn Parcul Na»õional Bucegi
‚úîÔ∏é Mese: bucƒÉtƒÉrie de camping s√¢mbƒÉtƒÉ seara »ôi duminicƒÉ diminea»õa
‚úîÔ∏é √énso»õirea grupului de cƒÉtre ghid
‚úîÔ∏é Asigurare cu coeficient montan
‚úîÔ∏é Asisten»õƒÉ pe tot parcursul traseului »ôi atmosferƒÉ fainƒÉ
","üëâ PA»òAPORT VALABIL
 üëâ Cort, sac de dormit, izopren
 üëâ Rucsac pentru drume»õii (20‚Äì30 litri)
 üëâ Bocanci de trekking (NU pantofi de ora»ô sau adida»ôi‚ùó)
 üëâ GeacƒÉ impermeabilƒÉ »ôi u»ôoarƒÉ
 üëâ Polar sau pulover cƒÉlduros
 üëâ Pantaloni sau pantaloni scur»õi de trekking
 üëâ PƒÉlƒÉrie / »ôapcƒÉ
 üëâ LanternƒÉ frontalƒÉ (op»õional)
 üëâ Be»õe de trekking (foarte recomandat)
 üëâ »òosete groase »ôi comode ‚Äî 2 perechi
 üëâ Produse de igienƒÉ personalƒÉ »ôi medicamente personale
 üëâ Ochelari de soare
 üëâ CLMN (canƒÉ, lingurƒÉ, bol, cu»õit)
 üëâ Gustare pentru traseu
 üëâ Bani (~100 RON) pentru pr√¢nzul √Æn Bra»ôov »ôi cheltuieli personale


NU AI ECHIPAMENTUL NECESAR? TE AJUTƒÇM SƒÇ √éNCHIRIEZI SAU SƒÇ CUMPERI! 
","mediu, potrivit »ôi pentru √ÆncepƒÉtori activi",Fizic pregƒÉti»õi,üìû √énscrieri & √ÆntrebƒÉri: 069692265 / lumeata.md@gmail.com,
ru,301,–¢—É—Ä: –ñ–µ–ø–∏–π –ú–∏—á ‚Äì –ë—É—á–µ–¥–∂ ‚Äì –ö–æ—Ä–æ–ª–µ–≤—Å–∫–∞—è —Ç—Ä–æ–ø–∞,–¢—Ä–µ–∫–∫–∏–Ω–≥,"–†—É–º—ã–Ω–∏—è, –ú–∞—Å—Å–∏–≤ –ë—É—á–µ–¥–∂",04 - 06 –∏—é–ª—è 2025,2 –¥–Ω—è,–í—ã—à–µ —Å—Ä–µ–¥–Ω–µ–≥–æ,145,14,https://www.facebook.com/events/4036570309914864,"JEPII MICI & –ü–õ–ê–¢–û–£–õ –ë–£–ß–ï–î–ñ–ò, –ö–†–£–ß–ï–ê –ö–ê–†–ê–ò–ú–ê–ù, –°–§–ò–ù–ö–°, –ë–£–®–¢–ï–ù–ò, –ö–û–†–û–õ–ï–í–°–ö–ê–Ø –¢–†–û–ü–ê, –ó–ê–ú–û–ö –ü–ï–õ–ï–®

üìå –ü–æ–¥—Ä–æ–±–Ω–æ—Å—Ç–∏ —Å–æ–±—ã—Ç–∏—è:
[https://www.facebook.com/events/4054075584863980](https://www.facebook.com/events/4054075584863980)

> > > > > > > > > > > > > > > > > > > > > > > > > > > > > > > > >

‚õ∞ –ï—Å–ª–∏ –≤—ã –¥–∞–≤–Ω–æ –º–µ—á—Ç–∞–ª–∏ –æ –ø–æ—Ö–æ–¥–µ —Å –ø–∞–ª–∞—Ç–∫–æ–π –≤ –≥–æ—Ä–∞—Ö, –Ω–æ –Ω–µ —Ö–æ—Ç–µ–ª–∏ —Ç–∞—â–∏—Ç—å –≤—Å—ë —Å–Ω–∞—Ä—è–∂–µ–Ω–∏–µ ‚Äî —É –Ω–∞—Å –æ—Ç–ª–∏—á–Ω–∞—è –Ω–æ–≤–æ—Å—Ç—å: –Ω–∞ —ç—Ç–æ–º —Ç—É—Ä–µ –ø–∞–ª–∞—Ç–∫–∞ –∏ –∫—É—Ö–Ω—è —É–∂–µ –±—É–¥—É—Ç –≥–æ—Ç–æ–≤—ã —É –ø–æ–¥–Ω–æ–∂–∏—è —Ö–∏–∂–∏–Ω—ã üòâ
–ú–∞—Ä—à—Ä—É—Ç? –õ—é–±–∏–º–µ—Ü –Ω–∞—à–∏—Ö –≥–∏–¥–æ–≤.
–ù–∞—á–∏–Ω–∞–µ–º —Å –≤–ø–µ—á–∞—Ç–ª—è—é—â–µ–≥–æ –ø–æ–¥—ä—ë–º–∞ –ø–æ Jepii Mici: –Ω–µ–º–Ω–æ–≥–æ –∞–¥—Ä–µ–Ω–∞–ª–∏–Ω–∞, –≤–æ–¥–æ–ø–∞–¥—ã –∏ –ª–µ—Å–Ω—ã–µ —Ç—Ä–æ–ø—ã, –∑–∞—Ç–µ–º –≤—ã—Ö–æ–¥–∏–º –∫ –ö—Ä—É—á–µ–∞ –≠—Ä–æ–∏–ª–æ—Ä –∏ –°—Ñ–∏–Ω–∫—Å—É ‚Äî –≤ —Å–∞–º–æ–º —Å–µ—Ä–¥—Ü–µ –ë—É—Ü–µ–≥–∏–π.
–ù–∞ –≤—Ç–æ—Ä–æ–π –¥–µ–Ω—å —Å–ø—É—Å–∫–∞–µ–º—Å—è –ø–æ –ö–æ—Ä–æ–ª–µ–≤—Å–∫–æ–π —Ç—Ä–æ–ø–µ ‚Äî –∫—É–ª—å—Ç–æ–≤—ã–π –º–∞—Ä—à—Ä—É—Ç —Å –≤–∏–¥–∞–º–∏ –Ω–∞ –∑–∞–º–æ–∫ –ü–µ–ª–µ—à –∏ –±–æ–≥–µ–º–Ω—É—é –∞—Ç–º–æ—Å—Ñ–µ—Ä—É –°–∏–Ω–∞—è.
–≠—Ç–æ –ø–æ–ª–Ω–æ–µ –ø–æ–≥—Ä—É–∂–µ–Ω–∏–µ –≤ –ø—Ä–∏–∫–ª—é—á–µ–Ω–∏–µ, —Å–ª–æ–≤–Ω–æ —Å–µ—Ä–∏–∞–ª, –æ—Ç –∫–æ—Ç–æ—Ä–æ–≥–æ –Ω–µ —Ö–æ—á–µ—Ç—Å—è –æ—Ç—Ä—ã–≤–∞—Ç—å—Å—è!

–†–∞–∑–º–µ—â–µ–Ω–∏–µ: –∫–µ–º–ø–∏–Ω–≥ —É —Ö–∏–∂–∏–Ω—ã Dichiu —Å –±–µ—Å–µ–¥–∫–æ–π, —Å–∞–Ω—É–∑–ª–æ–º –∏ –¥–æ—Å—Ç—É–ø–æ–º –∫ —Ö–æ–ª–æ–¥–∏–ª—å–Ω–∏–∫—É
–ü–æ–ª–µ–≤—É—é –∫—É—Ö–Ω—é —É—Å—Ç—Ä–∞–∏–≤–∞–µ–º –∑–∞—Ä–∞–Ω–µ–µ
–ü—Ä–æ—â–∞–ª—å–Ω—ã–π —É–∂–∏–Ω –≤ –°–∏–Ω–∞—è –∏ –≤–∏–∑–∏—Ç –≤ –∑–∞–º–æ–∫ –ü–µ–ª–µ—à ‚Äî –ø–æ –∂–µ–ª–∞–Ω–∏—é

<<<<<<<<<<<<<<<<<<<<<<<<<<<<<<<<<

üìÖ –î–∞—Ç—ã: 5‚Äì6 –∏—é–ª—è 2025
üí≤ –¶–µ–Ω–∞: 145 ‚Ç¨ —Å —á–µ–ª–æ–≤–µ–∫–∞

–í—ã–µ–∑–¥: 4 –∏—é–ª—è –≤ 20:00 –∏–∑ –ö–∏—à–∏–Ω—ë–≤–∞
üß≠ –°–ª–æ–∂–Ω–æ—Å—Ç—å: —Å—Ä–µ–¥–Ω—è—è (–ø–æ–¥—Ö–æ–¥–∏—Ç –∞–∫—Ç–∏–≤–Ω—ã–º –Ω–æ–≤–∏—á–∫–∞–º)
–î–∏—Å—Ç–∞–Ω—Ü–∏—è: \~18 –∫–º, –Ω–∞–±–æ—Ä –≤—ã—Å–æ—Ç—ã \~1200 –º

‚ÄºÔ∏è –ù–ï –ë–û–õ–ï–ï 14 –ú–ï–°–¢ ‚ÄºÔ∏è
–°–∫–∞–∂–∏ ¬´–¥–∞¬ª —Å–∞–º–æ–º—É –∫—Ä–∞—Å–∏–≤–æ–º—É –º–∞—Ä—à—Ä—É—Ç—É –ª–µ—Ç–∞ ‚Äî –∏ —É–≤–∏–¥–∏–º—Å—è –Ω–∞ –≤–µ—Ä—à–∏–Ω–µ!","
‚úîÔ∏é –¢—Ä–∞–Ω—Å–ø–æ—Ä—Ç –ö–∏—à–∏–Ω—ë–≤ ‚Äì –ë—É—à—Ç–µ–Ω—å / –°–∏–Ω–∞—è ‚Äì –ö–∏—à–∏–Ω—ë–≤
‚úîÔ∏é –ù–æ—á—ë–≤–∫–∞ –≤ –∫–µ–º–ø–∏–Ω–≥–µ –≤–æ–∑–ª–µ –∫–∞–±–∞–Ω—ã Dichiu
‚úîÔ∏é –í—Ö–æ–¥ –≤ –Ω–∞—Ü–∏–æ–Ω–∞–ª—å–Ω—ã–π –ø–∞—Ä–∫ –ë—É—á–µ–¥–∂
‚úîÔ∏é –ü–∏—Ç–∞–Ω–∏–µ: –ø–æ—Ö–æ–¥–Ω–∞—è –∫—É—Ö–Ω—è –≤ —Å—É–±–±–æ—Ç—É –≤–µ—á–µ—Ä–æ–º –∏ –≤–æ—Å–∫—Ä–µ—Å–µ–Ω—å–µ —É—Ç—Ä–æ–º
‚úîÔ∏é –°–æ–ø—Ä–æ–≤–æ–∂–¥–µ–Ω–∏–µ –≥–∏–¥–∞
‚úîÔ∏é –°—Ç—Ä–∞—Ö–æ–≤–∫–∞ —Å –≥–æ—Ä–Ω—ã–º –∫–æ—ç—Ñ—Ñ–∏—Ü–∏–µ–Ω—Ç–æ–º
‚úîÔ∏é –ü–æ–¥–¥–µ—Ä–∂–∫–∞ –Ω–∞ –≤—Å–µ—Ö —ç—Ç–∞–ø–∞—Ö –∏ —Ö–æ—Ä–æ—à–µ–µ –Ω–∞—Å—Ç—Ä–æ–µ–Ω–∏–µ","üëâ –î–ï–ô–°–¢–í–£–Æ–©–ò–ô –ü–ê–°–ü–û–†–¢
üëâ –ü–∞–ª–∞—Ç–∫—É, —Å–ø–∞–ª—å–Ω—ã–π –º–µ—à–æ–∫, –∫–∞—Ä–µ–º–∞—Ç
üëâ —Ä—é–∫–∑–∞–∫ –¥–ª—è –ø–æ—Ö–æ–¥–æ–≤ ( 20-30 –ª–∏—Ç—Ä–æ–≤);
üëâ –¢—Ä–µ–∫–∏–Ω–≥–æ–≤—ã–µ –±–æ—Ç–∏–Ω–∫–∏ (–ù–ï –≥–æ—Ä–æ–¥—Å–∫–∏–µ –±–æ—Ç–∏–Ω–∫–∏ –∏–ª–∏ –∫—Ä–æ—Å—Å–æ–≤–∫–∏‚ùó)
üëâ –õ—ë–≥–∫—É—é –Ω–µ–ø—Ä–æ–º–æ–∫–∞–µ–º—É—é –∫—É—Ä—Ç–∫—É
üëâ –§–ª–∏—Å–æ–≤—É—é –∫–æ—Ñ—Ç—É –∏–ª–∏ —Ç—ë–ø–ª—ã–π —Å–≤–∏—Ç–µ—Ä
üëâ –ë—Ä—é–∫–∏ –∏–ª–∏ —à–æ—Ä—Ç—ã –¥–ª—è —Ç—Ä–µ–∫–∫–∏–Ω–≥–∞
üëâ –ì–æ–ª–æ–≤–Ω–æ–π —É–±–æ—Ä
üëâ –ù–∞–ª–æ–±–Ω—ã–π —Ñ–æ–Ω–∞—Ä–∏–∫ (–ø–æ –∂–µ–ª–∞–Ω–∏—é)
üëâ –¢—Ä–µ–∫–∏–Ω–≥–æ–≤—ã–µ –ø–∞–ª–∫–∏ (–æ—á–µ–Ω—å –∂–µ–ª–∞—Ç–µ–ª—å–Ω–æ)
üëâ –£–¥–æ–±–Ω—ã–µ –ø–ª–æ—Ç–Ω—ã–µ –Ω–æ—Å–∫–∏ ‚Äî 2 –ø–∞—Ä—ã
üëâ –°—Ä–µ–¥—Å—Ç–≤–∞ –ª–∏—á–Ω–æ–π –≥–∏–≥–∏–µ–Ω—ã –∏ –ª–∏—á–Ω—ã–µ –º–µ–¥–∏–∫–∞–º–µ–Ω—Ç—ã
üëâ –°–æ–ª–Ω—Ü–µ–∑–∞—â–∏—Ç–Ω—ã–µ –æ—á–∫–∏
üëâ–ö–õ–ú–ù (–∫—Ä—É–∂–∫–∞, –ª–æ–∂–∫–∞, –º–∏—Å–∫–∞ (—Ç–∞—Ä–µ–ª–∫–∞), –Ω–æ–∂)
üëâ –ü–µ—Ä–µ–∫—É—Å 
üëâ –î–µ–Ω—å–≥–∏ (~100 RON) –Ω–∞ –æ–±–µ–¥ –≤ –ë—Ä–∞—à–æ–≤–µ –∏ –ª–∏—á–Ω—ã–µ —Ä–∞—Å—Ö–æ–¥—ã


 –ù–ï–¢ –ù–£–ñ–ù–´–• –í–ï–©–ï–ô? –ü–û–î–°–ö–ê–ñ–ï–ú, –ì–î–ï –í–ó–Ø–¢–¨ –í –ê–†–ï–ù–î–£ –ò–õ–ò –ö–£–ü–ò–¢–¨!
",–ü–æ–¥–æ–π–¥–µ—Ç –¥–ª—è –∞–∫—Ç–∏–≤–Ω—ã—Ö –Ω–æ–≤–∏—á–∫–æ–≤,–î–ª—è —Ñ–∏–∑—á–∫—Å–∫–∏ –≤—ã–Ω–æ—Å–ª–∏–≤—ã—Ö,üìû –ó–∞–ø–∏—Å—å –∏ –≤–æ–ø—Ä–æ—Å—ã: 069692265 / lumeata.md@gmail.com,
ro,702,"Bugeci: ""Slow hiking & Mountain Stories""",Hiking,"Rom√¢nia, Bucegi",19 - 20 iulie 2025,2 zile,U»ôor,139,14,https://www.facebook.com/events/1034366265500659/,"Slow hiking & Mountain Stories ‚Äî douƒÉ zile de drume»õie lejerƒÉ »ôi relaxare la cabanƒÉ, unde nu ne grƒÉbim sƒÉ bifƒÉm v√¢rfuri, ci sƒÉ ne bucurƒÉm de peisaj, naturƒÉ »ôi oameni faini.

üìå Detalii eveniment::
https://www.facebook.com/events/1379093296682702

>>>>>>>>>>>>>>>>>>>>>>>>>>>>>>>>>>>>>>>>
‚õ∞ DacƒÉ de mult te g√¢ndeai la o turƒÉ cu cortul √Æn mun»õi, dar nu voiai sƒÉ cari tot echipamentul ‚Äî avem o veste bunƒÉ: √Æn aceastƒÉ turƒÉ, te a»ôteaptƒÉ cortul »ôi bucƒÉtƒÉria deja pregƒÉtite la cabanƒÉ üòâ
Traseul? Este favoritul ghizilor.
Pornim cu o urcare spectaculoasƒÉ pe Jepii Mici: un pic de adrenalinƒÉ, cascade »ôi pƒÉduri, apoi ajungem la Crucea Eroilor »ôi Sfinxul ‚Äì √Æn inima Bucegilor.
A doua zi cobor√¢m pe Poteca RegalƒÉ ‚Äì un traseu iconic, cu panorame spre Castelul Pele»ô »ôi atmosfera boemƒÉ din Sinaia.
O experien»õƒÉ completƒÉ, care √Æncepe ca un serial »ôi nu vrei sƒÉ se mai termine!
<<<<<<<<<<<<<<<<<<<<<<<<<<<<<

üìÖ Data: 19‚Äì20 iulie 2025
üí∂ Pre»õ: 139 EUR/persoanƒÉ
üë∂ Copii: de la 10 ani (cu acordul ghidului)

üïó Plecare: 18 iulie, ora 20:00 din Chi»ôinƒÉu
 Dificultate: mediu (potrivit »ôi pentru √ÆncepƒÉtori)
 Distan»õƒÉ: ~20 km total, +900 m diferen»õƒÉ de nivel

‚ÄºÔ∏è Grup maxim 15 persoane ‚ÄºÔ∏è
C√¢nd ai ascultat ultima oarƒÉ pove»ôti de munte‚Ä¶ chiar √Æn mun»õi? Hai cu noi!

","
‚úîÔ∏é Transport Chi»ôinƒÉu ‚Äì Gura Diham ‚Äì Chi»ôinƒÉu
‚úîÔ∏é Noapte la Cabana Diham
‚úîÔ∏é √énso»õirea de cƒÉtre ghid experimentat
‚úîÔ∏é Suport »ôi recomandƒÉri privind echipamentul
‚úîÔ∏é Asigurare cu coeficient montan
‚úîÔ∏é Suport »ôi recomandƒÉri pentru pregƒÉtirea turei
‚úîÔ∏é Emo»õii, peisaje, oameni »ôi amintiri de neuitat!
","üëâ PA»òAPORT VALABIL
üëâ Rucsac de turƒÉ (30‚Äì40 l)
üëâ Bocanci de trekking (NU pantofi de ora»ô sau adida»ôi‚ùó)
üëâ GeacƒÉ impermeabilƒÉ
üëâ Polar sau pulover cƒÉlduros
üëâ Pantaloni sau pantaloni scur»õi de trekking
üëâ PƒÉlƒÉrie / »ôapcƒÉ
üëâ LanternƒÉ frontalƒÉ (op»õional)
üëâ Be»õe de trekking (foarte recomandat)
üëâ »òosete groase »ôi comode ‚Äî 2 perechi
üëâ Produse de igienƒÉ personalƒÉ »ôi medicamente personale
üëâ Ochelari de soare
üëâ Gustare pentru traseu
üëâ Bani (~100‚Äì150 RON) pentru mese »ôi cheltuieli personale


NU AI ECHIPAMENTUL NECESAR? TE AJUTƒÇM SƒÇ √éNCHIRIEZI SAU SƒÇ CUMPERI! 
",Participarea pentru copii este posibilƒÉ de la 10 ani (cu acordul ghidului),"√éncepƒÉtori, familii",üìû √énscrieri & √ÆntrebƒÉri: 069692265 / lumeata.md@gmail.com,
ru,302,"–ë—É—á–µ–¥–∂: ""Slow hiking & Mountain Stories"" ",–•–∞–π–∫–∏–Ω–≥,"–†—É–º—ã–Ω–∏—è, –ú–∞—Å—Å–∏–≤ –ë—É—á–µ–¥–∂",19 -20 –∏—é–ª—è 2025,2 –¥–Ω—è,–õ–µ–≥–∫–∏–π,139,14,https://www.facebook.com/events/1034366265500659/,"¬´Slow hiking & Mountain Stories¬ª ‚Äî –¥–≤–∞ –¥–Ω—è –ª—ë–≥–∫–æ–≥–æ –ø–æ—Ö–æ–¥–∞ –∏ –æ—Ç–¥—ã—Ö–∞ –≤ –≥–æ—Ä–∞—Ö, –≥–¥–µ –º—ã –Ω–µ —Ç–æ—Ä–æ–ø–∏–º—Å—è —à—Ç—É—Ä–º–æ–≤–∞—Ç—å –≤–µ—Ä—à–∏–Ω—ã, –∞ –Ω–∞—Å–ª–∞–∂–¥–∞–µ–º—Å—è –ø–µ–π–∑–∞–∂–∞–º–∏, –ø—Ä–∏—Ä–æ–¥–æ–π –∏ –∫–ª–∞—Å—Å–Ω—ã–º–∏ –ª—é–¥—å–º–∏.

üìå –ü–æ–¥—Ä–æ–±–Ω–æ—Å—Ç–∏ —Å–æ–±—ã—Ç–∏—è:
https://www.facebook.com/events/1379093296682702

>>>>>>>>>>>>>>>>>>>>>>>>>>>>>>>>>>>>>>>

–ï—Å–ª–∏ –≤—ã –¥–∞–≤–Ω–æ –º–µ—á—Ç–∞–ª–∏ –æ –ø–æ—Ö–æ–¥–µ —Å –ø–∞–ª–∞—Ç–∫–æ–π –≤ –≥–æ—Ä–∞—Ö, –Ω–æ –Ω–µ —Ö–æ—Ç–µ–ª–∏ —Ç–∞—â–∏—Ç—å –≤—Å—ë —Å–Ω–∞—Ä—è–∂–µ–Ω–∏–µ ‚Äî —É –Ω–∞—Å –æ—Ç–ª–∏—á–Ω–∞—è –Ω–æ–≤–æ—Å—Ç—å: –≤ —ç—Ç–æ–º —Ç—É—Ä–µ –ø–∞–ª–∞—Ç–∫–∞ –∏ –∫—É—Ö–Ω—è —É–∂–µ –±—É–¥—É—Ç –≥–æ—Ç–æ–≤—ã —É —Ö–∏–∂–∏–Ω—ã üòâ
–ú–∞—Ä—à—Ä—É—Ç? –õ—é–±–∏–º–µ—Ü –Ω–∞—à–∏—Ö –≥–∏–¥–æ–≤.
–ù–∞—á–∏–Ω–∞–µ–º —Å –≤–ø–µ—á–∞—Ç–ª—è—é—â–µ–≥–æ –ø–æ–¥—ä—ë–º–∞ –ø–æ Jepii Mici: –∞–¥—Ä–µ–Ω–∞–ª–∏–Ω, –≤–æ–¥–æ–ø–∞–¥—ã –∏ –ª–µ—Å–Ω—ã–µ —Ç—Ä–æ–ø—ã, –∞ –∑–∞—Ç–µ–º –≤—ã—Ö–æ–¥–∏–º –∫ –ö—Ä—É—á–µ–∞ –≠—Ä–æ–∏–ª–æ—Ä –∏ –°—Ñ–∏–Ω–∫—Å—É ‚Äî –≤ —Å–∞–º–æ–µ —Å–µ—Ä–¥—Ü–µ –ë—É—Ü–µ–≥–∏–π.
–ù–∞ –≤—Ç–æ—Ä–æ–π –¥–µ–Ω—å —Å–ø—É—Å–∫–∞–µ–º—Å—è –ø–æ –ö–æ—Ä–æ–ª–µ–≤—Å–∫–æ–π —Ç—Ä–æ–ø–µ ‚Äî –∫—É–ª—å—Ç–æ–≤–æ–º—É –º–∞—Ä—à—Ä—É—Ç—É —Å –≤–∏–¥–∞–º–∏ –Ω–∞ –∑–∞–º–æ–∫ –ü–µ–ª–µ—à –∏ –±–æ–≥–µ–º–Ω—É—é –∞—Ç–º–æ—Å—Ñ–µ—Ä—É –°–∏–Ω–∞—è.
–≠—Ç–æ –ø–æ–ª–Ω–æ–µ –ø–æ–≥—Ä—É–∂–µ–Ω–∏–µ –≤ –ø—Ä–∏–∫–ª—é—á–µ–Ω–∏–µ, —Å–ª–æ–≤–Ω–æ —Å–µ—Ä–∏–∞–ª, –æ—Ç –∫–æ—Ç–æ—Ä–æ–≥–æ –Ω–µ —Ö–æ—á–µ—Ç—Å—è –æ—Ç—Ä—ã–≤–∞—Ç—å—Å—è!

<<<<<<<<<<<<<<<<<<<<<<<<<<<<<

üìÖ –î–∞—Ç—ã: 19‚Äì20 –∏—é–ª—è 2025
üí∂ –¶–µ–Ω–∞: 139 ‚Ç¨ —Å —á–µ–ª–æ–≤–µ–∫–∞
üë∂ –î–µ—Ç–∏: –æ—Ç 10 –ª–µ—Ç (—Å —Å–æ–≥–ª–∞—Å–∏—è –≥–∏–¥–∞)

üïó –í—ã–µ–∑–¥: 18 –∏—é–ª—è –≤ 20:00 –∏–∑ –ö–∏—à–∏–Ω—ë–≤–∞
–°–ª–æ–∂–Ω–æ—Å—Ç—å: —Å—Ä–µ–¥–Ω—è—è (–ø–æ–¥—Ö–æ–¥–∏—Ç –∏ –Ω–æ–≤–∏—á–∫–∞–º)
–î–∏—Å—Ç–∞–Ω—Ü–∏—è: ~20 –∫–º, –Ω–∞–±–æ—Ä –≤—ã—Å–æ—Ç—ã +900 –º

‚ÄºÔ∏è –ú–∞–∫—Å–∏–º—É–º 15 —á–µ–ª–æ–≤–µ–∫ ‚ÄºÔ∏è
–ö–æ–≥–¥–∞ –≤—ã –≤ –ø–æ—Å–ª–µ–¥–Ω–∏–π —Ä–∞–∑ —Å–ª—É—à–∞–ª–∏ –≥–æ—Ä–Ω—ã–µ –∏—Å—Ç–æ—Ä–∏–∏‚Ä¶ –ø—Ä—è–º–æ –≤ –≥–æ—Ä–∞—Ö? –ü–æ–π–¥—ë–º –≤–º–µ—Å—Ç–µ!","
‚úîÔ∏é –¢—Ä–∞–Ω—Å–ø–æ—Ä—Ç –ö–∏—à–∏–Ω—ë–≤ ‚Äì Gura Diham ‚Äì –ö–∏—à–∏–Ω—ë–≤
‚úîÔ∏é –ù–æ—á—å –≤ Cabana Diham
‚úîÔ∏é –°–æ–ø—Ä–æ–≤–æ–∂–¥–µ–Ω–∏–µ –æ–ø—ã—Ç–Ω—ã–º –≥–∏–¥–æ–º
‚úîÔ∏é –ü–æ–¥–¥–µ—Ä–∂–∫–∞ –∏ —Ä–µ–∫–æ–º–µ–Ω–¥–∞—Ü–∏–∏ –ø–æ —Å–Ω–∞—Ä—è–∂–µ–Ω–∏—é
‚úîÔ∏é –°—Ç—Ä–∞—Ö–æ–≤–∫–∞ —Å –≥–æ—Ä–Ω—ã–º –∫–æ—ç—Ñ—Ñ–∏—Ü–∏–µ–Ω—Ç–æ–º
‚úîÔ∏é –ü–æ–¥–¥–µ—Ä–∂–∫–∞ –∏ —Ä–µ–∫–æ–º–µ–Ω–¥–∞—Ü–∏–∏ –ø–æ –ø–æ–¥–≥–æ—Ç–æ–≤–∫–µ –∫ –ø–æ—Ö–æ–¥—É
‚úîÔ∏é –≠–º–æ—Ü–∏–∏, –≤–∏–¥—ã, –ª—é–¥–∏ –∏ –≤–æ—Å–ø–æ–º–∏–Ω–∞–Ω–∏—è –Ω–∞–¥–æ–ª–≥–æ!
","üëâ–î–ï–ô–°–¢–í–£–Æ–©–ò–ô –ü–ê–°–ü–û–†–¢
üëâ–†—é–∫–∑–∞–∫ –¥–ª—è –ø–æ—Ö–æ–¥–æ–≤ ( 30 - 40 –ª–∏—Ç—Ä–æ–≤)
üëâ –¢—Ä–µ–∫–∏–Ω–≥–æ–≤—ã–µ –±–æ—Ç–∏–Ω–∫–∏ (–ù–ï–¢ -  –≥–æ—Ä–æ–¥—Å–∫–∏–µ –±–æ—Ç–∏–Ω–∫–∏ –∏–ª–∏ –∫—Ä–æ—Å—Å–æ–≤–∫–∏‚ùó)
üëâ –õ—ë–≥–∫—É—é –Ω–µ–ø—Ä–æ–º–æ–∫–∞–µ–º—É—é –∫—É—Ä—Ç–∫—É
üëâ –§–ª–∏—Å–æ–≤—É—é –∫–æ—Ñ—Ç—É –∏–ª–∏ —Ç—ë–ø–ª—ã–π —Å–≤–∏—Ç–µ—Ä
üëâ –ë—Ä—é–∫–∏ –∏–ª–∏ —à–æ—Ä—Ç—ã –¥–ª—è —Ç—Ä–µ–∫–∫–∏–Ω–≥–∞
üëâ –ì–æ–ª–æ–≤–Ω–æ–π —É–±–æ—Ä
üëâ –ù–∞–ª–æ–±–Ω—ã–π —Ñ–æ–Ω–∞—Ä–∏–∫ (–ø–æ –∂–µ–ª–∞–Ω–∏—é)
üëâ –¢—Ä–µ–∫–∏–Ω–≥–æ–≤—ã–µ –ø–∞–ª–∫–∏ (–æ—á–µ–Ω—å –∂–µ–ª–∞—Ç–µ–ª—å–Ω–æ)
üëâ –£–¥–æ–±–Ω—ã–µ –ø–ª–æ—Ç–Ω—ã–µ –Ω–æ—Å–∫–∏ ‚Äî 2 –ø–∞—Ä—ã
üëâ –°—Ä–µ–¥—Å—Ç–≤–∞ –ª–∏—á–Ω–æ–π –≥–∏–≥–∏–µ–Ω—ã –∏ –ª–∏—á–Ω—ã–µ –º–µ–¥–∏–∫–∞–º–µ–Ω—Ç—ã
üëâ –°–æ–ª–Ω—Ü–µ–∑–∞—â–∏—Ç–Ω—ã–µ –æ—á–∫–∏
üëâ –ü–µ—Ä–µ–∫—É—Å –¥–ª—è —Ç—Ä–æ–ø—ã
üëâ –î–µ–Ω—å–≥–∏ (~100‚Äì150 RON) –Ω–∞ –µ–¥—É –∏ –ª–∏—á–Ω—ã–µ —Ä–∞—Å—Ö–æ–¥—ã

–ù–ï–¢ –ù–£–ñ–ù–´–• –í–ï–©–ï–ô? –ü–û–î–°–ö–ê–ñ–ï–ú, –ì–î–ï –í–ó–Ø–¢–¨ –í –ê–†–ï–ù–î–£ –ò–õ–ò –ö–£–ü–ò–¢–¨
",–£—á–∞—Å—Ç–∏–µ –¥–µ—Ç–µ–π –≤–æ–∑–º–æ–∂–Ω–æ —Å 10 –ª–µ—Ç (—Å —Å–æ–≥–ª–∞—Å–∏—è –≥–∏–¥–∞),–ù–æ–≤–∏—á–∫–æ–≤ / —Å–µ–º–µ–π–Ω—ã–µ,üìû –ó–∞–ø–∏—Å—å –∏ –≤–æ–ø—Ä–æ—Å—ã: 069692265 / lumeata.md@gmail.com,
ro,703,Rom√¢nia: traseul 7 ScƒÉri »ôi Piatra Mare,Trekking,"Romania, Piatra Mare",12-13 iulie 2025,2 –¥–Ω—è,Mediu spre dificil,150,14,https://www.facebook.com/events/1379093296682702/,"‚ÄúCANIONUL 7 SCƒÇRI & CABANA PIATRA MARE, V√ÇRFUL PIATRA MARE, CANIONUL »òI CASCADA TAMINA 

üìå Detalii eveniment:
https://www.facebook.com/events/1136187861886285

>>>>>>>>>>>>>>>>>>>>>>>>>>>>>>>>>>>>>>>

Vrei sƒÉ evadezi din agita»õia ora»ôului »ôi sƒÉ respiri aerul curat al mun»õilor? ImagineazƒÉ-»õi douƒÉ zile fƒÉrƒÉ griji: cascade spectaculoase, v√¢rfuri impresionante, r√¢sete la cinƒÉ »ôi un sentiment autentic de libertate. AceastƒÉ drume»õie este ca un restart pentru suflet.

Traseu: Timi»ôu de Jos ‚Üí Canionul 7 ScƒÉri ‚Üí Cabana Piatra Mare ‚Üí V√¢rful Piatra Mare ‚Üí Canionul »ôi Cascada Tamina ‚Üí Timi»ôu de Sus ‚Üí Bra»ôov ‚Üí Chi»ôinƒÉu

Ce ne a»ôteaptƒÉ:
ü™∂ Canionul 7 ScƒÉri ‚Äî scƒÉri »ôi poduri suspendate printre pere»õi de st√¢ncƒÉ »ôi cascade;
ü™∂ V√¢rful Piatra Mare (1 844 m) ‚Äî panorame asupra Bra»ôovului »ôi Bucegilor;
ü™∂ Cazare la pensiune ‚Äî confort dupƒÉ o zi plinƒÉ de mi»ôcare;
ü™∂ Cascada & Canionul Tamina ‚Äî sƒÉlbƒÉticia Carpa»õilor cu cinci cascade spectaculoase.

DouƒÉ canioane ‚Äî douƒÉ experien»õe: 7 ScƒÉri pentru adrenalinƒÉ »ôi energie, Tamina pentru farmec »ôi lini»ôte.

<<<<<<<<<<<<<<<<<<<<<<<<<<<<<<<<<<<<<<<<

üìÖ Date: 12‚Äì13 iulie 2025
üí∂ Pre»õ: 150 EUR/pers.

Avans obligatoriu: min. 50 % din cost
Plata integralƒÉ p√¢nƒÉ la: 08/07/2025
üïó Plecare: 11 iulie, ora 20:00 din Chi»ôinƒÉu
Dificultate: mediu (potrivit »ôi pentru √ÆncepƒÉtori)
Distan»õƒÉ totalƒÉ: ~22 km, diferen»õƒÉ de nivel ~1 100 m

‚ÄºÔ∏è MAXIM 14 LOCURI ‚ÄºÔ∏è


","
‚úîÔ∏é Transport Chi»ôinƒÉu ‚Äì Timi»ôu de Jos ‚Äì Timi»ôu de Sus ‚Äì Bra»ôov ‚Äì Chi»ôinƒÉu
‚úîÔ∏é Cazare 1 noapte la pensiune
‚úîÔ∏é Acces la Canionul 7 ScƒÉri
‚úîÔ∏é √énso»õirea grupului de cƒÉtre ghid experimentat
‚úîÔ∏é Suport »ôi recomandƒÉri pentru pregƒÉtirea drume»õiei
‚úîÔ∏é Emo»õii de varƒÉ, peisaje spectaculoase »ôi amintiri de neuitat!
‚úîÔ∏é Asigurare cu coeficient montan
‚úîÔ∏é BucƒÉtƒÉrie de camping (cina »ôi micul dejun la pensiune)
","üëâ PA»òAPORT VALABIL
üëâ Rucsac de turƒÉ (30‚Äì40 l)
üëâ Bocanci de trekking (NU pantofi de ora»ô sau adida»ôi‚ùó)
üëâ GeacƒÉ impermeabilƒÉ
üëâ Polar sau pulover cƒÉlduros
üëâ Pantaloni sau pantaloni scur»õi de trekking
üëâ PƒÉlƒÉrie / »ôapcƒÉ
üëâ LanternƒÉ frontalƒÉ (op»õional)
üëâ Be»õe de trekking (foarte recomandat)
üëâ »òosete groase »ôi comode ‚Äî 2 perechi
üëâ Produse de igienƒÉ personalƒÉ »ôi medicamente personale
üëâ Ochelari de soare
üëâ Gustare pentru traseu
üëâ Bani (~100‚Äì150 RON) pentru mese »ôi cheltuieli personale


NU AI ECHIPAMENTUL NECESAR? TE AJUTƒÇM SƒÇ √éNCHIRIEZI SAU SƒÇ CUMPERI! ",Participarea pentru copii este posibilƒÉ de la 10 ani (cu acordul ghidului),"√éncepƒÉtori, familii",üìû √énscrieri & √ÆntrebƒÉri: 069692265 / lumeata.md@gmail.com,
ru,303,–†—É–º—ã–Ω–∏—è: –º–∞—Ä—à—Ä—É—Ç 7 –ª–µ—Å—Ç–Ω–∏—Ü –∏ –ø—å—è—Ç—Ä–∞ –ú–∞—Ä–µ,–¢—Ä–µ–∫–∫–∏–Ω–≥,"–†—É–º—ã–Ω–∏—è, –ú–∞—Å—Å–∏–≤ –ë—É—á–µ–¥–∂",12 -13 –∏—é–ª—è 2025,2 –¥–Ω—è,–í—ã—à–µ —Å—Ä–µ–¥–Ω–µ–≥–æ,150,14,https://www.facebook.com/events/1379093296682702/,"‚Äú–ö–ê–ù–¨–û–ù 7 –õ–ï–°–¢–ù–ò–¶ & –ü–ê–ù–°–ò–û–ù PIATRA MARE, –í–ï–†–®–ò–ù–ê PIATRA MARE, –ö–ê–ù–¨–û–ù –ò –í–û–î–û–ü–ê–î TAMINA 

üìå –ü–æ–¥—Ä–æ–±–Ω–æ—Å—Ç–∏ —Å–æ–±—ã—Ç–∏—è:
https://www.facebook.com/events/1136187861886285

>>>>>>>>>>>>>>>>>>>>>>>>>>>>>>>>>>>>>>>>>>

–•–æ—á–µ—à—å —Å–±–µ–∂–∞—Ç—å –∏–∑ —à—É–º–Ω–æ–≥–æ –≥–æ—Ä–æ–¥–∞ –∏ –≤–¥–æ—Ö–Ω—É—Ç—å —á–∏—Å—Ç—ã–π –≥–æ—Ä–Ω—ã–π –≤–æ–∑–¥—É—Ö? –ü—Ä–µ–¥—Å—Ç–∞–≤—å –¥–≤–∞ –¥–Ω—è –±–µ–∑ —Å–ø–µ—à–∫–∏: –≤–æ–¥–æ–ø–∞–¥—ã, –≤–ø–µ—á–∞—Ç–ª—è—é—â–∏–µ –≤–µ—Ä—à–∏–Ω—ã, —Å–º–µ—Ö –∑–∞ —É–∂–∏–Ω–æ–º –∏ –Ω–∞—Å—Ç–æ—è—â–µ–µ —á—É–≤—Å—Ç–≤–æ —Å–≤–æ–±–æ–¥—ã. –≠—Ç–æ—Ç –ø–æ—Ö–æ–¥ ‚Äî –ø–µ—Ä–µ–∑–∞–≥—Ä—É–∑–∫–∞ –¥–ª—è –¥—É—à–∏.

–ú–∞—Ä—à—Ä—É—Ç: –¢–∏–º–∏—à—É-–¥–µ-–ñ–æ—Å ‚Üí –ö–∞–Ω—å–æ–Ω 7 –ª–µ—Å—Ç–Ω–∏—Ü ‚Üí –ü–∞–Ω—Å–∏–æ–Ω Piatra Mare ‚Üí –í–µ—Ä—à–∏–Ω–∞ Piatra Mare ‚Üí –ö–∞–Ω—å–æ–Ω –∏ –≤–æ–¥–æ–ø–∞–¥ Tamina ‚Üí –¢–∏–º–∏—à—É-–¥–µ-–°—É—Å ‚Üí –ë—Ä–∞—à–æ–≤ ‚Üí –ö–∏—à–∏–Ω—ë–≤

–ß—Ç–æ –Ω–∞—Å –∂–¥—ë—Ç:
ü™∂ –ö–∞–Ω—å–æ–Ω 7 –ª–µ—Å—Ç–Ω–∏—Ü ‚Äî –ª–µ—Å—Ç–Ω–∏—Ü—ã –∏ –º–æ—Å—Ç—ã –Ω–∞–¥ —Å–∫–∞–ª–∞–º–∏ –∏ –∫–∞—Å–∫–∞–¥—ã;
ü™∂ –í–µ—Ä—à–∏–Ω–∞ Piatra Mare (1 844 –º) ‚Äî –ø–∞–Ω–æ—Ä–∞–º—ã –Ω–∞ –ë—Ä–∞—à–æ–≤ –∏ –ë—É—á–µ–¥–∂–∏;
ü™∂ –ü—Ä–æ–∂–∏–≤–∞–Ω–∏–µ –≤ –ø–∞–Ω—Å–∏–æ–Ω–µ ‚Äî –∫–æ–º—Ñ–æ—Ä—Ç –ø–æ—Å–ª–µ –¥–Ω—è –∞–∫—Ç–∏–≤–Ω–æ—Å—Ç–µ–π;
ü™∂ –ö–∞–Ω—å–æ–Ω & –≤–æ–¥–æ–ø–∞–¥ Tamina ‚Äî –¥–∏–∫–∞—è –∫—Ä–∞—Å–æ—Ç–∞ –ö–∞—Ä–ø–∞—Ç —Å –ø—è—Ç—å—é –∫–∞—Å–∫–∞–¥–∞–º–∏.

–î–≤–∞ –∫–∞–Ω—å–æ–Ω–∞ ‚Äî –¥–≤–∞ –Ω–∞—Å—Ç—Ä–æ–µ–Ω–∏—è: 7 –ª–µ—Å—Ç–Ω–∏—Ü –¥–∞—Ä–∏—Ç –∞–¥—Ä–µ–Ω–∞–ª–∏–Ω, Tamina ‚Äî –∞—Ç–º–æ—Å—Ñ–µ—Ä—É —É–µ–¥–∏–Ω–µ–Ω–∏—è –∏ –ø—Ä–∏–∫–ª—é—á–µ–Ω–∏–π.

<<<<<<<<<<<<<<<<<<<<<<<<<<<<<<<<<<<<

üìÖ –î–∞—Ç—ã: 12‚Äì13 –∏—é–ª—è 2025
üí∂ –°—Ç–æ–∏–º–æ—Å—Ç—å: 150 ‚Ç¨ —Å —á–µ–ª.

–ê–≤–∞–Ω—Å –æ–±—è–∑–∞—Ç–µ–ª—å–µ–Ω: –º–∏–Ω. 50 %
–ü–æ–ª–Ω–∞—è –æ–ø–ª–∞—Ç–∞ –¥–æ: 08/07/2025
üïó –í—ã–µ–∑–¥: 11 –∏—é–ª—è, 20:00 –∏–∑ –ö–∏—à–∏–Ω—ë–≤–∞
–°–ª–æ–∂–Ω–æ—Å—Ç—å: —Å—Ä–µ–¥–Ω—è—è (–ø–æ–¥—Ö–æ–¥–∏—Ç –Ω–æ–≤–∏—á–∫–∞–º)
–î–∏—Å—Ç–∞–Ω—Ü–∏—è: ~22 –∫–º, –ø–µ—Ä–µ–ø–∞–¥ –≤—ã—Å–æ—Ç ~1 100 –º

‚ÄºÔ∏è –ù–ï –ë–û–õ–ï–ï 14 –ß–ï–õ–û–í–ï–ö ‚ÄºÔ∏è

–õ—É—á—à–µ–µ –≤—Ä–µ–º—è –¥–ª—è –≥–æ—Ä ‚Äî —Å–µ–π—á–∞—Å. –ó–∞–ø–∏—Å—ã–≤–∞–π—Å—è –∏ –≤—Å—Ç—Ä–µ—Ç–∏–º—Å—è –ø–æ–¥ –Ω–µ–±–æ–º –ö–∞—Ä–ø–∞—Ç!","
‚úîÔ∏é –¢—Ä–∞–Ω—Å–ø–æ—Ä—Ç –ö–∏—à–∏–Ω—ë–≤ ‚Äì –¢—ã–º–∏—à—É-–¥–µ-–ñ–æ—Å - –¢—ã–º–∏—à—É-–¥–µ-–°—É—Å - –ë—Ä–∞—à–æ–≤ ‚Äì –ö–∏—à–∏–Ω—ë–≤
‚úîÔ∏é –ü—Ä–æ–∂–∏–≤–∞–Ω–∏–µ 1 –Ω–æ—á–∏ –≤ –ø–∞–Ω—Å–∏–æ–Ω–∞—Ç–µ
‚úîÔ∏é –ü–æ—Å–µ—â–µ–Ω–∏–µ –∫–∞–Ω—å–æ–Ω–∞ –°–µ–º–∏ –ª–µ—Å—Ç–Ω–∏—Ü
‚úîÔ∏é –°–æ–ø—Ä–æ–≤–æ–∂–¥–µ–Ω–∏–µ –æ–ø—ã—Ç–Ω—ã–º –≥–∏–¥–æ–º
‚úîÔ∏é –ü–æ–¥–¥–µ—Ä–∂–∫–∞ –∏ —Ä–µ–∫–æ–º–µ–Ω–¥–∞—Ü–∏–∏ –ø–æ –ø–æ–¥–≥–æ—Ç–æ–≤–∫–µ –∫ –ø–æ—Ö–æ–¥—É
‚úîÔ∏é –≠–º–æ—Ü–∏–∏, –≤–∏–¥—ã, –ª—é–¥–∏ –∏ –≤–æ—Å–ø–æ–º–∏–Ω–∞–Ω–∏—è –Ω–∞–¥–æ–ª–≥–æ!
‚úîÔ∏é –¢—Ä–∞–Ω—Å–ø–æ—Ä—Ç –ö–∏—à–∏–Ω—ë–≤ ‚Äì –ú–æ—ç—á—É-–¥–µ-–ñ–æ—Å ‚Äì –ë—Ä–∞—à–æ–≤ ‚Äì –ö–∏—à–∏–Ω—ë–≤
‚úîÔ∏é –°—Ç—Ä–∞—Ö–æ–≤–∫–∞ —Å –≥–æ—Ä–Ω—ã–º –∫–æ—ç—Ñ—Ñ–∏—Ü–∏–µ–Ω—Ç–æ–º
‚úîÔ∏é –ü–æ—Ö–æ–¥–Ω–∞—è –∫—É—Ö–Ω—è (—É–∂–∏–Ω –∏ –∑–∞–≤—Ç—Ä–∞–∫ –≤ –ø–∞–Ω—Å–∏–æ–Ω–∞—Ç–µ)","üëâ–î–ï–ô–°–¢–í–£–Æ–©–ò–ô –ü–ê–°–ü–û–†–¢
üëâ–†—é–∫–∑–∞–∫ –¥–ª—è –ø–æ—Ö–æ–¥–æ–≤ ( 30 - 40 –ª–∏—Ç—Ä–æ–≤)
üëâ –¢—Ä–µ–∫–∏–Ω–≥–æ–≤—ã–µ –±–æ—Ç–∏–Ω–∫–∏ (–ù–ï–¢ -  –≥–æ—Ä–æ–¥—Å–∫–∏–µ –±–æ—Ç–∏–Ω–∫–∏ –∏–ª–∏ –∫—Ä–æ—Å—Å–æ–≤–∫–∏‚ùó)
üëâ –õ—ë–≥–∫—É—é –Ω–µ–ø—Ä–æ–º–æ–∫–∞–µ–º—É—é –∫—É—Ä—Ç–∫—É
üëâ –§–ª–∏—Å–æ–≤—É—é –∫–æ—Ñ—Ç—É –∏–ª–∏ —Ç—ë–ø–ª—ã–π —Å–≤–∏—Ç–µ—Ä
üëâ –ë—Ä—é–∫–∏ –∏–ª–∏ —à–æ—Ä—Ç—ã –¥–ª—è —Ç—Ä–µ–∫–∫–∏–Ω–≥–∞
üëâ –ì–æ–ª–æ–≤–Ω–æ–π —É–±–æ—Ä
üëâ –ù–∞–ª–æ–±–Ω—ã–π —Ñ–æ–Ω–∞—Ä–∏–∫ (–ø–æ –∂–µ–ª–∞–Ω–∏—é)
üëâ –¢—Ä–µ–∫–∏–Ω–≥–æ–≤—ã–µ –ø–∞–ª–∫–∏ (–æ—á–µ–Ω—å –∂–µ–ª–∞—Ç–µ–ª—å–Ω–æ)
üëâ –£–¥–æ–±–Ω—ã–µ –ø–ª–æ—Ç–Ω—ã–µ –Ω–æ—Å–∫–∏ ‚Äî 2 –ø–∞—Ä—ã
üëâ –°—Ä–µ–¥—Å—Ç–≤–∞ –ª–∏—á–Ω–æ–π –≥–∏–≥–∏–µ–Ω—ã –∏ –ª–∏—á–Ω—ã–µ –º–µ–¥–∏–∫–∞–º–µ–Ω—Ç—ã
üëâ –°–æ–ª–Ω—Ü–µ–∑–∞—â–∏—Ç–Ω—ã–µ –æ—á–∫–∏
üëâ –ü–µ—Ä–µ–∫—É—Å –¥–ª—è —Ç—Ä–æ–ø—ã
üëâ –î–µ–Ω—å–≥–∏ (~100‚Äì150 RON) –Ω–∞ –µ–¥—É –∏ –ª–∏—á–Ω—ã–µ —Ä–∞—Å—Ö–æ–¥—ã

–ù–ï–¢ –ù–£–ñ–ù–´–• –í–ï–©–ï–ô? –ü–û–î–°–ö–ê–ñ–ï–ú, –ì–î–ï –í–ó–Ø–¢–¨ –í –ê–†–ï–ù–î–£ –ò–õ–ò –ö–£–ü–ò–¢–¨! 
",–£—á–∞—Å—Ç–∏–µ –¥–µ—Ç–µ–π –≤–æ–∑–º–æ–∂–Ω–æ —Å 10 –ª–µ—Ç (—Å —Å–æ–≥–ª–∞—Å–∏—è –≥–∏–¥–∞),–ù–æ–≤–∏—á–∫–æ–≤ / —Å–µ–º–µ–π–Ω—ã–µ,üìû –ó–∞–ø–∏—Å—å –∏ –≤–æ–ø—Ä–æ—Å—ã: 069692265 / lumeata.md@gmail.com,
ro,704,TransfƒÉgƒÉrƒÉ»ôan ‚Äî Sub stele sau √Æn cabanƒÉ? AventurƒÉ pentru toatƒÉ familia!,Hiking,Rom√¢nia: masivul FƒÉgƒÉra»ô »ôi TransfƒÉgƒÉrƒÉ»ôan,26 - 27 iulie 2025,2 –¥–Ω—è,U»ôor,139 / 175,14,https://www.facebook.com/events/646311138452948/,"TRANSFƒÇGƒÇRƒÇ»òAN, CAMPING CU COPIII, LACUL B√ÇLEA, AVENTURƒÇ DE FAMILIE SUB STELE üèûÔ∏è

üìå Detalii eveniment:
https://www.facebook.com/events/646311138452948

>>>>>>>>>>>>>>>>>>>>>>>>>>>>>>>>

DacƒÉ »õi-ai dorit de mult sƒÉ le arƒÉ»õi copiilor ce √ÆnseamnƒÉ muntele, dar nu »ôtiai cu ce sƒÉ √Æncepi, acesta e turul ideal pentru voi.
Pornim spre unul dintre cele mai spectaculoase drumuri ale Europei ‚Äî TransfƒÉgƒÉrƒÉ»ôan, unde vom trƒÉi experien»õa autenticƒÉ a unui camping de familie »ôi magia unei nop»õi la cort sub cerul √Ænstelat.
RidicƒÉm tabƒÉra, facem o plimbare u»ôoarƒÉ prin √Æmprejurimi, organizƒÉm o sesiune foto »ôi a»ôteptƒÉm apusul cu panorama Carpa»õilor. Va fi frumos, relaxant »ôi sigur!


Pentru cei care viseazƒÉ de mult la munte alƒÉturi de copii, dar nu sunt √ÆncƒÉ pregƒÉti»õi sƒÉ doarmƒÉ √Æn cort ‚Äî avem o alternativƒÉ excelentƒÉ: pute»õi opta pentru cazare √Æn cea mai √ÆnaltƒÉ cabanƒÉ montanƒÉ cu infrastructurƒÉ, chiar l√¢ngƒÉ Lacul B√¢lea.


Astfel, fiecare √Æ»ôi poate alege varianta potrivitƒÉ ‚Äî fie sub stele, √Æn cort, fie √Æntr-o camerƒÉ cƒÉlduroasƒÉ cu vedere spre mun»õi.

<<<<<<<<<<<<<<<<<<<<<<<<<<<<

üìÖ DATE: 26 - 27 iulie 2025
üí∂ COST: 
Varianta I ‚Äî noapte la cort ‚Äî 139 EUR
Varianta I1 ‚Äî noapte la cabanƒÉ B√¢lea Lac ‚Äî 175 EUR

Copiii sub 14 ani ‚Äî reducere 20%
Cu transport propriu? ‚Äî √Æntreba»õi coordonatorul pentru pre»õ.

‚ÄºÔ∏è MAXIM 15 LOCURI ‚ÄºÔ∏è
Fie cƒÉ e prima ta ie»ôire cu cortul, fie cƒÉ montezi deja cortul cu ochii √Ænchi»ôi ‚Äî aici √Æ»õi va plƒÉcea!
Ne vedem pe TransfƒÉgƒÉrƒÉ»ôan!
","
‚úîÔ∏é Transport Chi»ôinƒÉu - B√¢lea Lac - Chi»ôinƒÉu
‚úîÔ∏é Serviciile ghidului experimentat
‚úîÔ∏é Asigurare cu coeficient montan
‚úîÔ∏é Mese (bucƒÉtƒÉrie de camping: mic dejun, cinƒÉ, ceai)
‚úîÔ∏é Echipament turistic comun (oale, butelie, protec»õie contra ploii »ôi soarelui)
‚úîÔ∏é BucƒÉtƒÉrie de camping
‚úîÔ∏é Suport pe tot parcursul traseului »ôi bunƒÉ dispozi»õie
","üëâ PA»òAPORT VALABIL
üëâ Rucsac pentru drume»õii (20‚Äì30 litri)
üëâ Bocanci de trekking (NU pantofi de ora»ô sau adida»ôi‚ùó)
üëâ GeacƒÉ impermeabilƒÉ »ôi u»ôoarƒÉ (windstopper)
üëâ Polar sau pulover cƒÉlduros
üëâ Pantaloni sau pantaloni scur»õi de trekking
üëâ LanternƒÉ frontalƒÉ (op»õional)
üëâ Be»õe de trekking (foarte recomandat)
üëâ »òosete groase »ôi comode (ideal de trekking) ‚Äî 2 perechi
üëâ Produse de igienƒÉ personalƒÉ »ôi medicamente personale
üëâ Ochelari de soare
üëâ Bani pentru suveniruri (~100 RON)
üëâ Cort, sac de dormit »ôi izopren pentru noaptea la cort


 NU AI ECHIPAMENTUL NECESAR? TE AJUTƒÇM SƒÇ √éNCHIRIEZI SAU SƒÇ CUMPERI!
","Astfel, fiecare √Æ»ôi poate alege varianta potrivitƒÉ ‚Äî fie sub stele, √Æn cort, fie √Æntr-o camerƒÉ cƒÉlduroasƒÉ cu vedere spre mun»õi.","√éncepƒÉtori, familii",üìû √énscrieri & √ÆntrebƒÉri: 069692265 / lumeata.md@gmail.com,
ru,304,"–†—É–º—ã–Ω–∏—è: –¢—Ä–∞–Ω—Å—Ñ—ç–≥—ç—Ä–∞—à —Å –¥–µ—Ç—å–º–∏. –ù–æ—á–µ–≤–∫–∞ –ø–æ–¥ –∑–≤–µ–∑–¥–∞–º–∏ –∏–ª–∏ –≤ –∫–∞–±–∞–Ω–µ?
",–•–∞–π–∫–∏–Ω–≥,–†—É–º—ã–Ω–∏—è: –º–∞—Å—Å–∏–≤ –§—ç–≥—ç—Ä–∞—à –∏ —Ç—Ä–∞—Å—Å–∞ –¢—Ä–∞–Ω—Å—Ñ—ç–≥—ç—Ä–∞—à,26 - 27 –∏—é–ª—è 2025,2 –¥–Ω—è,–õ–µ–≥–∫–∏–π,139 / 175,14,https://www.facebook.com/events/646311138452948/,"¬´TRANSFƒÇGƒÇRƒÇ»òAN, –ö–ï–ú–ü–ò–ù–ì –° –î–ï–¢–¨–ú–ò, –û–ó–ï–†–û –ë–≠–õ–ï–ê, –°–ï–ú–ï–ô–ù–û–ï –ü–†–ò–ö–õ–Æ–ß–ï–ù–ò–ï –ü–û–î –ó–í–ï–ó–î–ê–ú–ò üèûÔ∏è

üìå –ü–æ–¥—Ä–æ–±–Ω–æ—Å—Ç–∏ —Å–æ–±—ã—Ç–∏—è:
https://www.facebook.com/events/646311138452948

>>>>>>>>>>>>>>>>>>>>>>>>>>>>>>>>>>>>>>>

–ï—Å–ª–∏ –≤—ã –¥–∞–≤–Ω–æ —Ö–æ—Ç–µ–ª–∏ –ø–æ–∑–Ω–∞–∫–æ–º–∏—Ç—å –¥–µ—Ç–µ–π —Å –≥–æ—Ä–∞–º–∏, –Ω–æ –Ω–µ –∑–Ω–∞–ª–∏, —Å —á–µ–≥–æ –Ω–∞—á–∞—Ç—å ‚Äî —ç—Ç–æ—Ç —Ç—É—Ä –¥–ª—è –≤–∞—Å.
–ú—ã –æ—Ç–ø—Ä–∞–≤–ª—è–µ–º—Å—è –Ω–∞ –æ–¥–Ω—É –∏–∑ —Å–∞–º—ã—Ö –∂–∏–≤–æ–ø–∏—Å–Ω—ã—Ö –¥–æ—Ä–æ–≥ –ï–≤—Ä–æ–ø—ã ‚Äî –¢—Ä–∞–Ω—Å—Ñ—ç–≥—ç—Ä–∞—à–∞–Ω, —á—Ç–æ–±—ã –∏—Å–ø—ã—Ç–∞—Ç—å –Ω–∞—Å—Ç–æ—è—â–∏–π —Å–µ–º–µ–π–Ω—ã–π –∫–µ–º–ø–∏–Ω–≥ –∏ –ø–æ—á—É–≤—Å—Ç–≤–æ–≤–∞—Ç—å –º–∞–≥–∏—é –Ω–æ—á–∏ –≤ –ø–∞–ª–∞—Ç–∫–µ.
–°—Ç–∞–≤–∏–º –ª–∞–≥–µ—Ä—å, –∏–¥—ë–º –≤ –Ω–µ–±–æ–ª—å—à—É—é –ø—Ä–æ–≥—É–ª–∫—É –ø–æ –æ–∫—Ä–µ—Å—Ç–Ω–æ—Å—Ç—è–º, —É—Å—Ç—Ä–∞–∏–≤–∞–µ–º —Ñ–æ—Ç–æ—Å–µ—Å—Å–∏—é –∏ –≤—Å—Ç—Ä–µ—á–∞–µ–º –∑–∞–∫–∞—Ç –Ω–∞ —Ñ–æ–Ω–µ –ö–∞—Ä–ø–∞—Ç. –ë—É–¥–µ—Ç –∫—Ä–∞—Å–∏–≤–æ, –≤–µ—Å–µ–ª–æ –∏ –±–µ–∑–æ–ø–∞—Å–Ω–æ!


–ê –¥–ª—è —Ç–µ—Ö, –∫—Ç–æ –¥–∞–≤–Ω–æ –º–µ—á—Ç–∞–µ—Ç –æ –≥–æ—Ä–∞—Ö —Å –¥–µ—Ç—å–º–∏, –Ω–æ –ø–æ–∫–∞ –Ω–µ –≥–æ—Ç–æ–≤ –Ω–æ—á–µ–≤–∞—Ç—å –≤ –ø–∞–ª–∞—Ç–∫–µ ‚Äî —É –Ω–∞—Å –µ—Å—Ç—å –æ—Ç–ª–∏—á–Ω–∞—è –∞–ª—å—Ç–µ—Ä–Ω–∞—Ç–∏–≤–∞: –º–æ–∂–Ω–æ –≤—ã–±—Ä–∞—Ç—å –Ω–æ—á—ë–≤–∫—É –≤ —Å–∞–º–æ–π –≤—ã—Å–æ–∫–æ–≥–æ—Ä–Ω–æ–π –∫–∞–±–∞–Ω–µ —Å –∏–Ω—Ñ—Ä–∞—Å—Ç—Ä—É–∫—Ç—É—Ä–æ–π —É –æ–∑–µ—Ä–∞ –ë—ã–ª—è-–õ–∞–∫.


–¢–∞–∫ —á—Ç–æ –∫–∞–∂–¥—ã–π –Ω–∞–π–¥—ë—Ç —Ñ–æ—Ä–º–∞—Ç –ø–æ –¥—É—à–µ ‚Äî –±—É–¥—å —Ç–æ –∑–≤—ë–∑–¥—ã –Ω–∞–¥ –ø–∞–ª–∞—Ç–∫–æ–π –∏–ª–∏ —Ç—ë–ø–ª—ã–π –Ω–æ–º–µ—Ä —Å –≤–∏–¥–æ–º –Ω–∞ –≥–æ—Ä—ã.

<<<<<<<<<<<<<<<<<<<<<<<<<<<<

üìÖ –î–ê–¢–´: 26‚Äì27 –∏—é–ª—è 2025
üí∂ –°–¢–û–ò–ú–û–°–¢–¨:
–í–∞—Ä–∏–∞–Ω—Ç I ‚Äî –Ω–æ—á—å –≤ –ø–∞–ª–∞—Ç–∫–µ ‚Äî 139 EUR
–í–∞—Ä–∏–∞–Ω—Ç II ‚Äî –Ω–æ—á—å –≤ —Ö–∏–∂–∏–Ω–µ —É –æ–∑–µ—Ä–∞ –ë—ç–ª–µ–∞ ‚Äî 175 EUR

–î–µ—Ç–∏ –¥–æ 14 –ª–µ—Ç ‚Äî —Å–∫–∏–¥–∫–∞ 20%
–°–æ —Å–≤–æ–∏–º —Ç—Ä–∞–Ω—Å–ø–æ—Ä—Ç–æ–º? ‚Äî —É—Ç–æ—á–Ω—è–π—Ç–µ —Ü–µ–Ω—É —É –∫–æ–æ—Ä–¥–∏–Ω–∞—Ç–æ—Ä–∞.

‚ÄºÔ∏è –ú–ê–ö–°–ò–ú–£–ú 15 –ú–ï–°–¢ ‚ÄºÔ∏è
–ë—É–¥—å —Ç–æ –≤–∞—à –ø–µ—Ä–≤—ã–π –ø–æ—Ö–æ–¥ —Å –ø–∞–ª–∞—Ç–∫–æ–π –∏–ª–∏ –≤—ã —É–∂–µ —Å—Ç–∞–≤–∏—Ç–µ –µ—ë —Å –∑–∞–∫—Ä—ã—Ç—ã–º–∏ –≥–ª–∞–∑–∞–º–∏ ‚Äî –≤–∞–º –∑–¥–µ—Å—å –ø–æ–Ω—Ä–∞–≤–∏—Ç—Å—è!
–£–≤–∏–¥–∏–º—Å—è –Ω–∞ –¢—Ä–∞–Ω—Å—Ñ—ç–≥—ç—Ä—ç—à–∞–Ω–µ!","
‚úîÔ∏é –¢—Ä–∞–Ω—Å–ø–æ—Ä—Ç –ö–∏—à–∏–Ω–µ–≤ - –û–∑–µ—Ä–æ –ë—ã–ª—è –õ–∞–∫ - –ö–∏—à–∏–Ω–µ–≤;
‚úîÔ∏é –°–æ–ø—Ä–æ–≤–æ–∂–¥–µ–Ω–∏–µ –æ–ø—ã—Ç–Ω–æ–≥–æ –≥–∏–¥–∞
‚úîÔ∏é –°—Ç—Ä–∞—Ö–æ–≤–∫–∞ —Å –≥–æ—Ä–Ω—ã–º –∫–æ—ç—Ñ—Ñ–∏—Ü–∏–µ–Ω—Ç–æ–º;
‚úîÔ∏é –ü–∏—Ç–∞–Ω–∏–µ: –ø–æ—Ö–æ–¥–Ω–∞—è –∫—É—Ö–Ω—è –≤ —Å—É–±–±–æ—Ç—É –≤–µ—á–µ—Ä–æ–º –∏ –≤–æ—Å–∫—Ä–µ—Å–µ–Ω—å–µ —É—Ç—Ä–æ–º
‚úîÔ∏é –û–±—â–∏–π —Ç—É—Ä–∏—Å—Ç–∏—á–µ—Å–∫–∏–π –∏–Ω–≤–µ–Ω—Ç–∞—Ä—å (–∫–æ—Ç–ª—ã, –≥–∞–∑, –∑–∞—â–∏—Ç–∞ –æ—Ç –¥–æ–∂–¥—è –∏ —Å–æ–ª–Ω—Ü–∞)
‚úîÔ∏é –ü–æ–¥–¥–µ—Ä–∂–∫–∞ –Ω–∞ –≤—Å–µ—Ö —ç—Ç–∞–ø–∞—Ö –∏ —Ö–æ—Ä–æ—à–µ–µ –Ω–∞—Å—Ç—Ä–æ–µ–Ω–∏–µ
","üëâ –î–ï–ô–°–¢–í–£–Æ–©–ò–ô –ü–ê–°–ü–û–†–¢;
üëâ —Ä—é–∫–∑–∞–∫ –¥–ª—è —Ä–∞–¥–∏–∞–ª—å–Ω—ã—Ö –ø–æ—Ö–æ–¥–æ–≤ ( 20-30 –ª–∏—Ç—Ä–æ–≤);
üëâ —Ç—Ä–µ–∫–∫–∏–Ω–≥–æ–≤—ã–µ –±–æ—Ç–∏–Ω–∫–∏ (–ù–ï–¢ –≥–æ—Ä–æ–¥—Å–∫–∏–µ –±–æ—Ç–∏–Ω–∫–∏ –∏–ª–∏ –∫—Ä–æ—Å—Å–æ–≤–∫–∏‚ùó);
üëâ –ª—ë–≥–∫–∞—è –Ω–µ–ø—Ä–æ–º–æ–∫–∞–µ–º–∞—è –∫—É—Ä—Ç–∫–∞ ( –≤–µ—Ç—Ä–æ–≤–∫–∞);
üëâ —Ñ–ª–∏—Å–æ–≤–∞—è –∫–æ—Ñ—Ç–∞ –∏–ª–∏ —Å–≤–∏—Ç–µ—Ä; 
üëâ —à—Ç–∞–Ω—ã –∏–ª–∏ —à–æ—Ä—Ç—ã –¥–ª—è —Ç—Ä–µ–∫–∫–∏–Ω–≥–∞;
üëâ –Ω–∞–ª–æ–±–Ω—ã–π —Ñ–æ–Ω–∞—Ä–∏–∫ (–æ–ø—Ü–∏–æ–Ω–∞–ª—å–Ω–æ);
üëâ —Ç—Ä–µ–∫–∫–∏–Ω–≥–æ–≤—ã–µ –ø–∞–ª–∫–∏ ( –æ—á–µ–Ω—å –∂–µ–ª–∞—Ç–µ–ª—å–Ω–æ);
üëâ —É–¥–æ–±–Ω—ã–µ –ø–ª–æ—Ç–Ω—ã–µ –Ω–æ—Å–∫–∏ ( –∂–µ–ª–∞—Ç–µ–ª—å–Ω–æ —Ç—Ä–µ–∫–∫–∏–Ω–≥–æ–≤—ã–µ) - 2 –ø–∞—Ä—ã;
üëâ —Å—Ä–µ–¥—Å—Ç–≤–∞ –ª–∏—á–Ω–æ–π –≥–∏–≥–∏–µ–Ω—ã –∏ –ª–∏—á–Ω—ã–µ –º–µ–¥–∏–∫–∞–º–µ–Ω—Ç—ã;
üëâ —Å–æ–ª–Ω—Ü–µ–∑–∞—â–∏—Ç–Ω—ã–µ –æ—á–∫–∏;
üëâ –¥–µ–Ω—å–≥–∏ –Ω–∞ —Å—É–≤–µ–Ω–∏—Ä—ã ( ~100 RON);
üëâ –ø–∞–ª–∞—Ç–∫–∞, —Å–ø–∞–ª—å–Ω—ã–π –º–µ—à–æ–∫ –∏ –∫–∞—Ä–µ–º–∞—Ç –¥–ª—è –Ω–æ—á–µ–≤–∫–∏ - —Ç–µ–º –∫—Ç–æ –≤—ã–±—Ä–∞–ª 1—ã–π –≤–∞—Ä–∏–∞–Ω—Ç


–ù–ï–¢ –ù–£–ñ–ù–´–• –í–ï–©–ï–ô? –ü–û–î–°–ö–ê–ñ–£, –ì–î–ï –ê–†–ï–ù–î–û–í–ê–¢–¨ –ò–õ–ò –ö–£–ü–ò–¢–¨
","–£—Ä–æ–≤–µ–Ω—å: –ø–æ–¥–æ–π–¥—ë—Ç –¥–ª—è –Ω–æ–≤–∏—á–∫–æ–≤, –¥–µ—Ç–µ–π –∏ —Ç–µ—Ö, –∫—Ç–æ —Ö–æ—á–µ—Ç –≤–ø–µ—Ä–≤—ã–µ –ø–æ–ø—Ä–æ–±–æ–≤–∞—Ç—å –Ω–æ—á—ë–≤–∫—É –≤ –ø–∞–ª–∞—Ç–∫–µ –≤ –≥–æ—Ä–∞—Ö.

–ï—Å—Ç—å–≤–æ–∑–º–æ–∂–Ω–æ—Å—Ç—å —Å–ø–∞—Ç—å –≤ –∫–∞–±–∞–Ω–µ. ",–ù–æ–≤–∏—á–∫–æ–≤ / —Å–µ–º–µ–π–Ω—ã–µ,üìû –ó–∞–ø–∏—Å—å –∏ –≤–æ–ø—Ä–æ—Å—ã: 069692265 / lumeata.md@gmail.com,
ro,705,Perseidele la Bucura,Trekking,Rom√¢nia: Masivul Retazat,08 - 10 august 2025,3 zile,Mediu spre u»ôor,200 euro,14,https://www.facebook.com/events/1409501630378454/,"Perseidele la Bucura

üìå Detalii eveniment:
https://www.facebook.com/events/1409501630378454/

>>>>>>>>>>>>>>>>>>>>>>>>>>>>>>>>>>>>>>>

√én inima Mun»õilor Retezat, departe de orice sursƒÉ de luminƒÉ, cerul √Ænstelat se dezvƒÉluie √Æn toatƒÉ splendoarea lui. Spectacolul oferit de ploaia de stele, ce poartƒÉ denumirea de Perseide, te face sƒÉ nu-»õi mai dezlipe»ôti privirea de la bolta √ÆnstelatƒÉ. Hai cu noi √Æntr-o drume»õie de varƒÉ, cu cortul, √Æn Mun»õii Retezat, care va avea ca punct central Lacul Bucura, scƒÉldat √Æn cea mai impresionantƒÉ ploaie de stele a anului. √én timpul zilei vom parcurge c√¢teva trasee spre cele mai √Ænalte v√¢rfuri din Retezat, iar la lƒÉsarea √Æntunericului ne delectƒÉm cu spectacolul celest oferit de Perseide.


Traseul: Clopotiva (parcarea La Doi Pa»ôi) - Pelegii - Lacul Bucura - Trasee op»õionale: Custura Bucurei, Judele, Peleaga, PƒÉpu»ôa, Retezat

<<<<<<<<<<<<<<<<<<<<<<<<<<<<<<<<<<<<<<<<

DATE: 08 - 10 august 2025
PRE»ö: 200 euro
 DacƒÉ veni»õi cu transportul propriu, costul va fi de - 440 RON / participant

‚ÄºÔ∏è MAXIM 14 LOCURI ‚ÄºÔ∏è

Chiar dacƒÉ este prima voastrƒÉ noapte sub stele ‚Äî atmosfera Mun»õilor Retezat va lƒÉsa amintiri vii pentru toatƒÉ via»õa. VƒÉ a»ôteptƒÉm cu drag!

","‚úîÔ∏éTransport tur - retur;
‚úîÔ∏é Servicii de ghid (rusa, romana, engleza);
‚úîÔ∏é  Comun de grup WhatsApp/Viber ;
‚úîÔ∏é Asigurare medicalƒÉ cu coeficient montan
‚úîÔ∏é Consulta»õii cu privire la echipament, pregƒÉtire fizicƒÉ, etc.;
taxƒÉ parc.
‚úîÔ∏é Bonus: prezen»õa unei echipe vesele de oameni cu g√¢nduri asemƒÉnƒÉtoare, biciclete de comunicare »ôi turistice pe tot parcursul traseului, noi prieteni de √Æncredere »ôi impresii pe via»õƒÉ!","üëâ PA»òAPORT VALABIL
üëâ Rucsac pentru drume»õii (50 -60 litri)
üëâ Bocanci de trekking (NU pantofi de ora»ô sau adida»ôi‚ùó)
üëâ GeacƒÉ impermeabilƒÉ »ôi u»ôoarƒÉ (windstopper)
üëâ Polar sau pulover cƒÉlduros
üëâ Pantaloni sau pantaloni scur»õi de trekking
üëâ LanternƒÉ frontalƒÉ (op»õional)
üëâ Be»õe de trekking (foarte recomandat)
üëâ »òosete groase »ôi comode (ideal de trekking) ‚Äî 2 perechi
üëâ Produse de igienƒÉ personalƒÉ »ôi medicamente personale
üëâ Ochelari de soare
üëâ Bani pentru suveniruri (~100 RON)
üëâ Cort, sac de dormit »ôi izopren 


 NU AI ECHIPAMENTUL NECESAR? TE AJUTƒÇM SƒÇ √éNCHIRIEZI SAU SƒÇ CUMPERI! 
","Nivel: potrivit pentru √ÆncepƒÉtori, copii »ôi pentru cei care doresc sƒÉ √Æncerce pentru prima datƒÉ o noapte de campare la munte.",Pentru to»õi,üìû √énscrieri & √ÆntrebƒÉri: 069692265 / lumeata.md@gmail.com,
ru,305,–ü–µ—Ä—Å–µ–∏–¥—ã –Ω–∞–¥ –æ–∑–µ—Ä–æ–º –ë—É–∫—É—Ä–∞ ‚Äî –∑–≤—ë–∑–¥–Ω–æ–µ –ª–µ—Ç–Ω–µ–µ –ø—Ä–∏–∫–ª—é—á–µ–Ω–∏–µ!,–¢—Ä–µ–∫–∫–∏–Ω–≥,–†—É–º—ã–Ω–∏—è: –ú–∞—Å—Å–∏–≤ –†–µ—Ç–µ–∑–∞—Ç,08 - 10 –∞–≤–≥—É—Å—Ç–∞ 2025,3 –¥–Ω—è,Mediu spre u»ôor,200 –µ–≤—Ä–æ,14,https://www.facebook.com/events/1409501630378454/,"–ü–µ—Ä—Å–µ–∏–¥—ã –Ω–∞–¥ –æ–∑–µ—Ä–æ–º –ë—É–∫—É—Ä–∞ ‚Äî –∑–≤—ë–∑–¥–Ω–æ–µ –ª–µ—Ç–Ω–µ–µ –ø—Ä–∏–∫–ª—é—á–µ–Ω–∏–µ!

üìå –ü–æ–¥—Ä–æ–±–Ω–æ—Å—Ç–∏ —Å–æ–±—ã—Ç–∏—è:
https://www.facebook.com/events/1409501630378454/
>>>>>>>>>>>>>>>>>>>>>>>>>>>>>>>>>>>>>>>>>>

–í —Å–∞–º–æ–º —Å–µ—Ä–¥—Ü–µ –≥–æ—Ä –†–µ—Ç–µ–∑–∞—Ç, —Ç–∞–º, –≥–¥–µ –Ω–µ –º–µ—à–∞—é—Ç –Ω–∏ –≥–æ—Ä–æ–¥—Å–∫–∏–µ –æ–≥–Ω–∏, –Ω–∏ —Å—É–µ—Ç–∞, –Ω–µ–±–æ —Ä–∞—Å–∫—Ä—ã–≤–∞–µ—Ç—Å—è –≤–æ –≤—Å–µ–π —Å–≤–æ–µ–π –∑–≤—ë–∑–¥–Ω–æ–π –∫—Ä–∞—Å–æ—Ç–µ. –õ–µ—Ç–Ω–∏–π –ø–∞–ª–∞—Ç–æ—á–Ω—ã–π –ø–æ—Ö–æ–¥ –∫ –æ–∑–µ—Ä—É –ë—É–∫—É—Ä–∞ —Å–æ–≤–ø–∞–¥–∞–µ—Ç —Å –º–µ—Ç–µ–æ—Ä–Ω—ã–º –ø–æ—Ç–æ–∫–æ–º –ü–µ—Ä—Å–µ–∏–¥ ‚Äî –∏ –∫–∞–∂–¥—ã–π –≤–µ—á–µ—Ä –ø—Ä–µ–≤—Ä–∞—â–∞–µ—Ç—Å—è –≤ –Ω–∞—Å—Ç–æ—è—â—É—é –∫–æ—Å–º–∏—á–µ—Å–∫—É—é —Å–∫–∞–∑–∫—É. –ê –¥–Ω—ë–º ‚Äî –ª—ë–≥–∫–∏–µ —Ä–∞–¥–∏–∞–ª—å–Ω—ã–µ –≤—ã—Ö–æ–¥—ã –∫ –≤–µ—Ä—à–∏–Ω–∞–º –ö–∞—Ä–ø–∞—Ç.

–ù–∏—Ç–∫–∞ –º–∞—Ä—à—Ä—É—Ç–∞: –ö–ª–æ–ø–æ—Ç–∏–≤–∞ (–ø–∞—Ä–∫–æ–≤–∫–∞ La Doi Pa»ôi) - Pelegii -  –û–∑–µ—Ä–æ –ë—É–∫—É—Ä–∞ - –†–∞–¥–∏–∞–ª—å–Ω—ã–µ –≤—ã—Ö–æ–¥—ã: Custura Bucurei, Judele, Peleaga, Papu»ôa, Retezat

<<<<<<<<<<<<<<<<<<<<<<<<<<<<<<<<<<<<

üìÖ–î–ê–¢–´: 08 - 10 –∞–≤–≥—É—Å—Ç–∞ 2025
–°–¢–û–ò–ú–û–°–¢–¨: 200 –µ–≤—Ä–æ 
 –ï—Å–ª–∏ –Ω–∞ —Å–≤–æ–µ–º —Ç—Ä–∞–Ω—Å–ø–æ—Ä—Ç–µ —Ç–æ —Å—Ç–æ–∏–º–æ—Å—Ç—å –±—É–¥–µ—Ç 440 RON / —É—á–∞—Å—Ç–Ω–∏–∫

‚ÄºÔ∏è –ù–ï –ë–û–õ–ï–ï 14 –ß–ï–õ–û–í–ï–ö ‚ÄºÔ∏è

–õ—É—á—à–µ–µ –≤—Ä–µ–º—è –¥–ª—è –≥–æ—Ä ‚Äî —Å–µ–π—á–∞—Å. –ó–∞–ø–∏—Å—ã–≤–∞–π—Å—è –∏ –≤—Å—Ç—Ä–µ—Ç–∏–º—Å—è –ø–æ–¥ –Ω–µ–±–æ–º –ö–∞—Ä–ø–∞—Ç!

–î–∞–∂–µ –µ—Å–ª–∏ —ç—Ç–æ –≤–∞—à–∞ –ø–µ—Ä–≤–∞—è –Ω–æ—á—ë–≤–∫–∞ –ø–æ–¥ –∑–≤—ë–∑–¥–∞–º–∏ ‚Äî –∞—Ç–º–æ—Å—Ñ–µ—Ä–∞ –≥–æ—Ä –†–µ—Ç–µ–∑–∞—Ç –æ—Å—Ç–∞–≤–∏—Ç —è—Ä–∫–∏–µ –≤–æ—Å–ø–æ–º–∏–Ω–∞–Ω–∏—è –Ω–∞ –≤—Å—é –∂–∏–∑–Ω—å. –ü—Ä–∏–≥–ª–∞—à–∞–µ–º!
","‚úîÔ∏é –¢—Ä–∞–Ω—Å–ø–æ—Ä—Ç –¥–æ –º–∞—Ä—à—Ä—É—Ç–∞ –∏ –æ–±—Ä–∞—Ç–Ω–æ;
‚úîÔ∏é –û—Ä–≥–∞–Ω–∏–∑–∞—Ü–∏—è –∏ —Å–æ–ø—Ä–æ–≤–æ–∂–¥–µ–Ω–∏–µ –ø—Ä–æ—Ñ–µ—Å—Å–∏–æ–Ω–∞–ª—å–Ω–æ–≥–æ –≥–∏–¥–∞
 ‚úîÔ∏é –°–æ–∑–¥–∞–Ω–∏–µ –æ–±—â–µ–π –≥—Ä—É–ø–ø—ã –≤ WhatsApp/Telegram –¥–ª—è –∫–æ–æ—Ä–¥–∏–Ω–∞—Ü–∏–∏;
 ‚úîÔ∏é –ú–µ–¥–∏—Ü–∏–Ω—Å–∫–∞—è —Å—Ç—Ä–∞—Ö–æ–≤–∫–∞ —Å –≥–æ—Ä–Ω—ã–º –∫–æ—ç—Ñ—Ñ–∏—Ü–∏–µ–Ω—Ç–æ–º;
 ‚úîÔ∏é –ö–æ–Ω—Å—É–ª—å—Ç–∞—Ü–∏–∏ –ø–æ —Å–Ω–∞—Ä—è–∂–µ–Ω–∏—é;
 ‚úîÔ∏é –ê—Ç–º–æ—Å—Ñ–µ—Ä–∞ –¥—Ä—É–∂–Ω–æ–π –∫–æ–º–ø–∞–Ω–∏–∏ –∏ —Ñ–æ—Ç–æ–≥—Ä–∞—Ñ–∏–∏ –Ω–∞ –ø–∞–º—è—Ç—å!","üëâ –î–µ–π—Å—Ç–≤—É—é—â–∏–π –ø–∞—Å–ø–æ—Ä—Ç
 üëâ –†—é–∫–∑–∞–∫ 50 -60  –ª
 üëâ –¢—Ä–µ–∫–∫–∏–Ω–≥–æ–≤–∞—è –æ–±—É–≤—å (–ù–ï –≥–æ—Ä–æ–¥—Å–∫–∏–µ –∫—Ä–æ—Å—Å–æ–≤–∫–∏)
 üëâ –ù–µ–ø—Ä–æ–º–æ–∫–∞–µ–º–∞—è –∫—É—Ä—Ç–∫–∞
 üëâ –¢—ë–ø–ª–∞—è –∫–æ—Ñ—Ç–∞ (—Ñ–ª–∏—Å/–ø—É—Ö)
 üëâ –õ—ë–≥–∫–∏–µ —Ç—Ä–µ–∫–∫–∏–Ω–≥–æ–≤—ã–µ —à—Ç–∞–Ω—ã
 üëâ –ù–∞–ª–æ–±–Ω—ã–π —Ñ–æ–Ω–∞—Ä–∏–∫ (–æ–ø—Ü–∏–æ–Ω–∞–ª—å–Ω–æ)
 üëâ –¢—Ä–µ–∫–∫–∏–Ω–≥–æ–≤—ã–µ –ø–∞–ª–∫–∏ (—Ä–µ–∫–æ–º–µ–Ω–¥—É–µ—Ç—Å—è)
 üëâ –¢—ë–ø–ª—ã–µ –Ω–æ—Å–∫–∏ (2 –ø–∞—Ä—ã)
 üëâ –°—Ä–µ–¥—Å—Ç–≤–∞ –ª–∏—á–Ω–æ–π –≥–∏–≥–∏–µ–Ω—ã –∏ –º–µ–¥–∏–∫–∞–º–µ–Ω—Ç—ã
 üëâ –°–æ–ª–Ω—Ü–µ–∑–∞—â–∏—Ç–Ω—ã–µ –æ—á–∫–∏
 üëâ –ù–∞–ª–∏—á–Ω—ã–µ –Ω–∞ —Å—É–≤–µ–Ω–∏—Ä—ã (–æ–∫–æ–ª–æ 100 RON)
 üëâ –ü–∞–ª–∞—Ç–∫–∞, —Å–ø–∞–ª—å–Ω–∏–∫, –∫–æ–≤—Ä–∏–∫

–ù–ï–¢ –ù–£–ñ–ù–û–ì–û –°–ù–ê–†–Ø–ñ–ï–ù–ò–Ø? –ü–û–ú–û–ñ–ï–ú –ê–†–ï–ù–î–û–í–ê–¢–¨ –ò–õ–ò –ü–†–ò–û–ë–†–ï–°–¢
","–£—Ä–æ–≤–µ–Ω—å: –ø–æ–¥–æ–π–¥—ë—Ç –¥–ª—è –Ω–æ–≤–∏—á–∫–æ–≤, –¥–µ—Ç–µ–π –∏ —Ç–µ—Ö, –∫—Ç–æ —Ö–æ—á–µ—Ç –≤–ø–µ—Ä–≤—ã–µ –ø–æ–ø—Ä–æ–±–æ–≤–∞—Ç—å –Ω–æ—á—ë–≤–∫—É –≤ –ø–∞–ª–∞—Ç–∫–µ –≤ –≥–æ—Ä–∞—Ö.
",–î–ª—è –≤—Å–µ—Ö,üìû –ó–∞–ø–∏—Å—å –∏ –≤–æ–ø—Ä–æ—Å—ã: 069692265 / lumeata.md@gmail.com,
,,,,,,,,,,,,,,,,üìû √énscrieri & √ÆntrebƒÉri: 069692265 / lumeata.md@gmail.com,
,,,,,,,,,,,,,,,,üìû –ó–∞–ø–∏—Å—å –∏ –≤–æ–ø—Ä–æ—Å—ã: 069692265 / lumeata.md@gmail.com,
,,,,,,,,,,,,,,,,,
,,,,,,,,,,,,,,,,üìû √énscrieri & √ÆntrebƒÉri: 069692265 / lumeata.md@gmail.com,
,,,,,,,,,,,,,,,,üìû –ó–∞–ø–∏—Å—å –∏ –≤–æ–ø—Ä–æ—Å—ã: 069692265 / lumeata.md@gmail.com,
,,,,,,,,,,,,,,,,üìû √énscrieri & √ÆntrebƒÉri: 069692265 / lumeata.md@gmail.com,
,,,,,,,,,,,,,,,,üìû –ó–∞–ø–∏—Å—å –∏ –≤–æ–ø—Ä–æ—Å—ã: 069692265 / lumeata.md@gmail.com,